[{"Guid":"QArrkgjrewYLRBEO","SiteId":3645140,"IsStartPage":null,"HideMenu":null,"HideFooter":null,"Url":"/lovestory","Title":"love story","SeoTitle":null,"SeoDescription":null,"SeoKeywords":null,"ShareImage":null,"CreatedAt":"2023-08-05 17:52:28","Style":null,"UnPublish":null,"Sections":[{"Guid":"dlxQ1FAj6YoIUNt","Idx":0,"SiteId":3645140,"PageGuid":"QArrkgjrewYLRBEO","ProductGuid":null,"FooterId":null,"View":"blank-temp","ViewType":"Cover","ViewId":"imageandcolumns","Style":{"padding-top":"8vh","padding-bottom":"8vh","padding-left":"14vw","padding-right":"14vw","justify-content":"center","align-items":"center","min-height":"90vh"},"Settings":{"animation":""},"ElementsTop":[{"Guid":"TkDHXIvz6afUxZR4","View":"header-view","Content":"www.martynaholda.com","Style":{"margin-bottom":"0em","font-size":"6.5em","letter-spacing":"-0.03em","text-transform":"none","text-align":"left","align-self":"flex-start"},"Settings":{"animation":"fade-in"}},{"Guid":"tinZRLcsPaT24CHG","View":"singleimage-view","Settings":{"shadows":"","rounded":"","borders":"","thumb-size":"","iframe-hide-controls":"","iframe-auto-play":"","iframe-mute":"","iframe-loop":"","animation":"fade-in","hover-transition":"hover-opacity"},"Style":{"object-fit":"cover","object-position":"0 50%","margin-bottom":"0em","max-height":"750px","border-radius":"0.6em"},"Content":{"Src":"https://dvqlxo2m2q99q.cloudfront.net/000_clients/3645140/page/czy-pamitasz-marysiu-c6095a.jpg","Width":6000,"Height":3868}},{"Guid":"sELFYEP9QZIosrGk","View":"columns-view","Style":{"margin-top":"1.6em","margin-bottom":"1.6em"},"Columns":[{"Guid":"iQw0RdycTIFjnpI5","View":"column-view","Style":[],"Elements":[{"Guid":"KCtn6T4kNBvBw8ja","View":"shorttext-view","Style":{"text-align":"left","font-weight":"bold","text-transform":"uppercase"},"Content":"love story","Settings":{"animation":"fade-in"}},{"Guid":"oHv4OqPiwuBFc6ib","View":"shorttext-view","Style":{"text-align":"left","font-weight":"bold","text-transform":"uppercase"},"Content":"pastel on paper, 100 x 70 cm, 2023","Settings":{"animation":"fade-in"}}]},{"Guid":"WWUzFbUV448wFcFN","View":"column-view","Style":[],"Elements":[{"Guid":"YRbWDkTDmJXcIuZE","View":"shorttext-view","Style":{"text-align":"right","font-weight":"bold","text-transform":"none"},"Content":"8,000 zł","Settings":{"animation":"fade-in"}}]}],"Settings":{"animation":"fade-in"}}],"ElementsBottom":null,"IsAMove":null,"AMoveBuildHeight":null,"AMoveBuildWidth":null,"ElementsFixed":null,"Title":null}]},{"Guid":"odFIxkG535VsbVbX","SiteId":3645140,"IsStartPage":null,"HideMenu":null,"HideFooter":null,"Url":"/instiuteofwarlosses","Title":"instiuteofwarlosses","SeoTitle":null,"SeoDescription":null,"SeoKeywords":null,"ShareImage":null,"CreatedAt":"2023-07-30 18:37:27","Style":null,"UnPublish":null,"Sections":[{"Guid":"Fk1gpgWbtly7fAwD","Idx":0,"SiteId":3645140,"PageGuid":"odFIxkG535VsbVbX","ProductGuid":null,"FooterId":null,"View":"goldenratio-temp","ViewType":"Gallery","ViewId":"goldenratio","Style":{"padding-top":"8vh","padding-bottom":"8vh","padding-left":"8vw","padding-right":"8vw"},"Settings":{"animation":""},"ElementsTop":[{"Guid":"OnkMy77VK8NrglOz","View":"header-view","Content":"illustration","Style":{"margin-bottom":"0.7em","max-width":"1200px"},"Settings":{"animation":"fade-in"}}],"ElementsBottom":null,"IsAMove":null,"AMoveBuildHeight":null,"AMoveBuildWidth":null,"ElementsFixed":{"Items1":{"Guid":"Xps7hJh6EDUPVHCV","View":"gallery-view","Settings":{"animation":"fade-in","shadows":"","rounded":"","borders":"","lb-lightbox":"lb1","lb-animation":"fade-in","lb-item-fit":"contain","lb-height":"70%","lb-figcap-position":"lbbottom1","twoone-style":"","hover-transition":"hover-opacity","item-size":"5","item-margin":"2","figcap-position":"cover1"},"Style":{"margin-top":"2.15em","margin-bottom":"0em"},"Content":[{"Guid":"HPaud38BZc2bzYyM","View":"item-view","Style":[],"Content":{"Link":null,"Src":"https://dvqlxo2m2q99q.cloudfront.net/000_clients/3645140/page/26-3a3a7c.jpg","Height":2480,"Width":3508,"Alt":"","FigCaptions":[{"Guid":"Rt2L0tK84j6MPKXp","View":"captiontitle-view","Content":"","Style":[]},{"Guid":"j2guKajPQNBQXbVf","View":"captionsubtitle-view","Content":"","Style":[]}]}},{"Guid":"bBJy8hZUTgI12Uz1","View":"item-view","Style":[],"Content":{"Link":null,"Src":"https://dvqlxo2m2q99q.cloudfront.net/000_clients/3645140/page/7a-322000.jpg","Height":2480,"Width":3508,"Alt":"","FigCaptions":[{"Guid":"LLEwAJXsPfQiNJYj","View":"captiontitle-view","Content":"","Style":[]},{"Guid":"O8cNBO5LoZXvBMrS","View":"captionsubtitle-view","Content":"","Style":[]}]}},{"Guid":"VZJL4BOWWjB89C3M","View":"item-view","Style":[],"Content":{"Link":null,"Src":"https://dvqlxo2m2q99q.cloudfront.net/000_clients/3645140/page/15-8f4bef.jpg","Height":2480,"Width":3508,"Alt":"","FigCaptions":[{"Guid":"riujosptuPtgzFKI","View":"captiontitle-view","Content":"","Style":[]},{"Guid":"clZa21C0wQUZGVPK","View":"captionsubtitle-view","Content":"","Style":[]}]}},{"Guid":"UGOqFEgonq7IPCqs","View":"item-view","Style":[],"Content":{"Link":null,"Src":"https://dvqlxo2m2q99q.cloudfront.net/000_clients/3645140/page/19-64de1a.jpg","Height":2480,"Width":3508,"Alt":"","FigCaptions":[{"Guid":"hGjFVKwqYobVaaUh","View":"captiontitle-view","Content":"","Style":[]},{"Guid":"g4FjlhbwwIsqfspk","View":"captionsubtitle-view","Content":"","Style":[]}]}},{"Guid":"ONlZjgCzG33xPEBe","View":"item-view","Style":[],"Content":{"Link":null,"Src":"https://dvqlxo2m2q99q.cloudfront.net/000_clients/3645140/page/35-e6264b.jpg","Height":2480,"Width":3508,"Alt":"","FigCaptions":[{"Guid":"BcFhHtzRnWVmJIsD","View":"captiontitle-view","Content":"","Style":[]},{"Guid":"RPIJM788zdDusUlw","View":"captionsubtitle-view","Content":"","Style":[]}]}},{"Guid":"KYDlXe6xJj5PjN8X","View":"item-view","Style":[],"Content":{"Link":null,"Src":"https://dvqlxo2m2q99q.cloudfront.net/000_clients/3645140/page/25-5e5498.jpg","Height":2480,"Width":3508,"Alt":"","FigCaptions":[{"Guid":"QsuoFl7HYXKcHw2T","View":"captiontitle-view","Content":"","Style":[]},{"Guid":"q6GiKXKOmSoWVZXi","View":"captionsubtitle-view","Content":"","Style":[]}]}},{"Guid":"QAcj9uNhKGqINgYi","View":"item-view","Style":[],"Content":{"Link":null,"Src":"https://dvqlxo2m2q99q.cloudfront.net/000_clients/3645140/page/171-067-cd5d3c.jpg","Height":1080,"Width":1920,"Alt":"","FigCaptions":[{"Guid":"DqO9jeYS6QbjDBSw","View":"captiontitle-view","Content":"","Style":[]},{"Guid":"I3CGFsP56IiVJ5Py","View":"captionsubtitle-view","Content":"","Style":[]}]}},{"Guid":"UcGyBxzlrPx7pYTC","View":"item-view","Style":[],"Content":{"Link":null,"Src":"https://dvqlxo2m2q99q.cloudfront.net/000_clients/3645140/page/171-077-819d64.jpg","Height":1080,"Width":1920,"Alt":"","FigCaptions":[{"Guid":"lLsP7YITMmwNokep","View":"captiontitle-view","Content":"","Style":[]},{"Guid":"iMAEGsm0aKEwdxgK","View":"captionsubtitle-view","Content":"","Style":[]}]}]}}],"Title":null}]},{"Guid":"ThlcqrfobCyzuVBc","Idx":1,"SiteId":3645140,"PageGuid":"odFIxkG535VsbVbX","ProductGuid":null,"FooterId":null,"View":"vertical-temp","ViewType":"Gallery","ViewId":"vertical","Style":{"padding-top":"8vh","padding-bottom":"8vh","padding-left":"8vw","padding-right":"8vw"},"Settings":{"animation":""},"ElementsTop":[{"Guid":"T13LMDRfNhFm9dYO","View":"header-view","Content":"animation ","Style":{"margin-bottom":"1em","max-width":"1200px","margin-top":"0em"},"Settings":{"animation":"fade-in"}}],"ElementsBottom":null,"IsAMove":null,"AMoveBuildHeight":null,"AMoveBuildWidth":null,"ElementsFixed":{"Items1":{"Guid":"vVOHaD0zN6Zkf7oZ","View":"gallery-view","Settings":{"animation":"fade-in","shadows":"","rounded":"","borders":"","lb-lightbox":"lb1","lb-animation":"fade-in","lb-item-fit":"contain","lb-height":"70%","lb-figcap-position":"lbbottom1","twoone-style":"","hover-transition":"hover-opacity","item-size":"3","item-margin":"1.4","figcap-position":"cover1"},"Style":{"margin-top":"2em","margin-bottom":"0em"},"Content":[{"Guid":"ylejcCjrqGFMJAvv","View":"item-view","Style":[],"Content":{"Link":null,"Src":"https://dvqlxo2m2q99q.cloudfront.net/000_clients/3645140/page/12-103-7acf21.jpg","Height":1080,"Width":1920,"Alt":"","FigCaptions":[{"Guid":"lR0Et9JBvMGhnGnW","View":"captiontitle-view","Content":"","Style":[]},{"Guid":"dz5VIESDuXwii3vo","View":"captionsubtitle-view","Content":"","Style":[]}],"IFrameSrc":"https://player.vimeo.com/video/849965440","IFrameHeight":240,"IFrameWidth":426,"Source":null}},{"Guid":"hn5WevcctIbFs9He","View":"item-view","Style":[],"Content":{"Link":null,"Src":"https://dvqlxo2m2q99q.cloudfront.net/000_clients/3645140/page/11-052-71438b.jpg","Height":1080,"Width":1920,"Alt":"","FigCaptions":[{"Guid":"BM47I185TqYOQcBj","View":"captiontitle-view","Content":"","Style":[]},{"Guid":"LkO2ehVeOjBZQf3I","View":"captionsubtitle-view","Content":"","Style":[]}],"IFrameSrc":"https://player.vimeo.com/video/849946977","IFrameHeight":240,"IFrameWidth":426,"Source":null}}]}}],"Title":null}]},{"Guid":"RByrVzn7UAIVPLof","SiteId":3645140,"IsStartPage":null,"HideMenu":null,"HideFooter":null,"Url":"/instytutstratwojennych","Title":"instytut strat wojennych","SeoTitle":null,"SeoDescription":null,"SeoKeywords":null,"ShareImage":null,"CreatedAt":"2023-07-30 18:36:33","Style":null,"UnPublish":null,"Sections":[{"Guid":"czJMjGs4iqXdCS2n","Idx":0,"SiteId":3645140,"PageGuid":"RByrVzn7UAIVPLof","ProductGuid":null,"FooterId":null,"View":"twoone-temp","ViewType":"Gallery","ViewId":"twoone","Style":{"padding-top":"8vh","padding-bottom":"8vh","padding-left":"8vw","padding-right":"8vw"},"Settings":{"animation":""},"ElementsTop":[{"Guid":"rpDyrZDwDb5Vfl5q","View":"header-view","Content":"instytut strat wojennych","Style":{"margin-bottom":"0.7em","max-width":"1200px"},"Settings":{"animation":"fade-in"}},{"Guid":"epVsDg483q8fto8h","View":"longtext-view","Content":"W tej galerii możesz obejrzeć wybrane przeze mnie prace. Mam nadzieję, że przypadną Ci do gustu!","Style":{"margin-bottom":"1.1em","max-width":"1200px","text-align":"center"},"Settings":{"animation":"fade-in"}}],"ElementsBottom":null,"IsAMove":null,"AMoveBuildHeight":null,"AMoveBuildWidth":null,"ElementsFixed":{"Items1":{"Guid":"VfZPDaS4Kvy5kL3U","View":"gallery-view","Settings":{"animation":"fade-in","shadows":"","rounded":"","borders":"","lb-lightbox":"lb1","lb-animation":"fade-in","lb-item-fit":"contain","lb-height":"70%","lb-figcap-position":"lbbottom1","twoone-style":"","hover-transition":"hover-opacity","item-size":"3","item-margin":"4","figcap-position":"bottom1"},"Style":{"margin-top":"3em","margin-bottom":"0em"},"Content":[{"Guid":"AuagNr5UWd7mOAoo","View":"item-view","Style":[],"Content":{"Link":null,"Src":"https://d2z18g6bj3mwjn.cloudfront.net/pb4/_output/admin/_img/dummy3/gallery/26.jpg","Height":2300,"Width":1840,"Alt":"","FigCaptions":[{"Guid":"REA6X3WDlEShhfwN","View":"captiontitle-view","Content":"","Style":[]},{"Guid":"qCcNbknEjTN7L10X","View":"captionsubtitle-view","Content":"","Style":[]}]}},{"Guid":"IdQDV05CXbOtIDU0","View":"item-view","Style":[],"Content":{"Link":null,"Src":"https://d2z18g6bj3mwjn.cloudfront.net/pb4/_output/admin/_img/dummy3/gallery/27.jpg","Height":2300,"Width":1533,"Alt":"","FigCaptions":[{"Guid":"DYSYQ0yH1lsxBcrL","View":"captiontitle-view","Content":"","Style":[]},{"Guid":"OcnXtByWM6EftOVs","View":"captionsubtitle-view","Content":"","Style":[]}]}},{"Guid":"cLs98jw9VEuTey0c","View":"item-view","Style":[],"Content":{"Link":null,"Src":"https://d2z18g6bj3mwjn.cloudfront.net/pb4/_output/admin/_img/dummy3/gallery/2.jpg","Height":1533,"Width":2300,"Alt":"","FigCaptions":[{"Guid":"QAtXxBsOIW3QImml","View":"captiontitle-view","Content":"","Style":[]},{"Guid":"PjJozxR86qbiiFpM","View":"captionsubtitle-view","Content":"","Style":[]}]}},{"Guid":"e4VPLkkOCv27029m","View":"item-view","Style":[],"Content":{"Link":null,"Src":"https://d2z18g6bj3mwjn.cloudfront.net/pb4/_output/admin/_img/dummy3/gallery/18.jpg","Height":1533,"Width":2300,"Alt":"","FigCaptions":[{"Guid":"tHx3VSTZfbEHVSnj","View":"captiontitle-view","Content":"","Style":[]},{"Guid":"gVIcMPt8w0spURZQ","View":"captionsubtitle-view","Content":"","Style":[]}]}},{"Guid":"RcOouhISg2U0SrsH","View":"item-view","Style":[],"Content":{"Link":null,"Src":"https://d2z18g6bj3mwjn.cloudfront.net/pb4/_output/admin/_img/dummy3/gallery/14.jpg","Height":2300,"Width":1533,"Alt":"","FigCaptions":[{"Guid":"r9Rmq1QCQLrvjNaS","View":"captiontitle-view","Content":"","Style":[]},{"Guid":"RdaWGsoDCiogguvN","View":"captionsubtitle-view","Content":"","Style":[]}]}},{"Guid":"NF62fr7jbqe0Cu0p","View":"item-view","Style":[],"Content":{"Link":null,"Src":"https://d2z18g6bj3mwjn.cloudfront.net/pb4/_output/admin/_img/dummy3/gallery/10.jpg","Height":2300,"Width":1533,"Alt":"","FigCaptions":[{"Guid":"RGG9YGNfBuWFPxSp","View":"captiontitle-view","Content":"","Style":[]},{"Guid":"jhECiBzBevv2azg8","View":"captionsubtitle-view","Content":"","Style":[]}]}},{"Guid":"AHjdwti4BXTAJWzu","View":"item-view","Style":[],"Content":{"Link":null,"Src":"https://d2z18g6bj3mwjn.cloudfront.net/pb4/_output/admin/_img/dummy3/gallery/16.jpg","Height":2300,"Width":1840,"Alt":"","FigCaptions":[{"Guid":"sZhfAQV8RobmBfep","View":"captiontitle-view","Content":"","Style":[]},{"Guid":"PnKi54qf5Dud57xr","View":"captionsubtitle-view","Content":"","Style":[]}]}},{"Guid":"tfNc5fkvCfzbAYHE","View":"item-view","Style":[],"Content":{"Link":null,"Src":"https://d2z18g6bj3mwjn.cloudfront.net/pb4/_output/admin/_img/dummy3/gallery/21.jpg","Height":2300,"Width":1840,"Alt":"","FigCaptions":[{"Guid":"Zo76AXduCf9cqFHa","View":"captiontitle-view","Content":"","Style":[]},{"Guid":"gruXDNORnZ2zskMA","View":"captionsubtitle-view","Content":"","Style":[]}]}},{"Guid":"nJyPcVDYAryKeNnz","View":"item-view","Style":[],"Content":{"Link":null,"Src":"https://d2z18g6bj3mwjn.cloudfront.net/pb4/_output/admin/_img/dummy3/gallery/4.jpg","Height":1533,"Width":2300,"Alt":"","FigCaptions":[{"Guid":"s84giy9D066rcw3j","View":"captiontitle-view","Content":"","Style":[]},{"Guid":"c1gy0lNBeTpaFGml","View":"captionsubtitle-view","Content":"","Style":[]}]}},{"Guid":"P3laR9RrON53PtMX","View":"item-view","Style":[],"Content":{"Link":null,"Src":"https://d2z18g6bj3mwjn.cloudfront.net/pb4/_output/admin/_img/dummy3/gallery/13.jpg","Height":2300,"Width":1533,"Alt":"","FigCaptions":[{"Guid":"Y5CrH7rXCRjynSkv","View":"captiontitle-view","Content":"","Style":[]},{"Guid":"u8hJ6DFhNi4Gvjrj","View":"captionsubtitle-view","Content":"","Style":[]}]}},{"Guid":"Jt0hxiC848kpEHjd","View":"item-view","Style":[],"Content":{"Link":null,"Src":"https://d2z18g6bj3mwjn.cloudfront.net/pb4/_output/admin/_img/dummy3/gallery/8.jpg","Height":2300,"Width":1535,"Alt":"","FigCaptions":[{"Guid":"er1Bw0Q1Vewa9NQ9","View":"captiontitle-view","Content":"","Style":[]},{"Guid":"H24XUv4g5zuKEOtU","View":"captionsubtitle-view","Content":"","Style":[]}]}},{"Guid":"iA90kbMmM9bSrJUs","View":"item-view","Style":[],"Content":{"Link":null,"Src":"https://d2z18g6bj3mwjn.cloudfront.net/pb4/_output/admin/_img/dummy3.gallery/12.jpg","Height":2300,"Width":1533,"Alt":"","FigCaptions":[{"Guid":"XnqWSCMfFKQL93sn","View":"captiontitle-view","Content":"","Style":[]},{"Guid":"XlAElWsOtmak5hES","View":"captionsubtitle-view","Content":"","Style":[]}]}]}}],"Title":null}]}]