{"Guid":"h23174F98Xo90aZA","Id":3645140,"IsPublished":2,"HidePbLink":1,"Url":"martynaholda.com","Title":"www.martynaholda.com","MainMenu":{"View":"menu1-menu","ViewId":"centered1","Guid":"MAINMENU","Links":[{"Guid":"yEbg4KZzPWrElLXt","Title":"about","Link":"/about","PageGuid":"","Name":"","svgElement":"","svgBase64":""},{"Guid":"l8BVVVy0GCiygPpv","Title":"gallery","Link":"/gallery","PageGuid":"","Sublinks":null,"Name":"","svgElement":"","svgBase64":""},{"Guid":"EzX7VeH3FxYFnVrR","Title":"animation","Link":"/animation","PageGuid":"WKeelgW6mndvNJaI","Name":"","svgElement":"","svgBase64":""},{"Guid":"TO98yE1pyykIDylg","Title":"commercial","Link":"/commercial","PageGuid":"Ju8eubzLKdph2YyI","Name":"","svgElement":"","svgBase64":""},{"Guid":"OvpQOYODrytEwlaV","Title":"shop","Link":"/shop","PageGuid":"mPVpmMsKdn8neZGz","Name":"","svgElement":"","svgBase64":""},{"Guid":"HohemosnWdZg5IXw","Title":"contact","Link":"/contact","PageGuid":"pSCGXa9CIPO6Yypd","Name":"","svgElement":"","svgBase64":""}],"MenuType":"","Settings":{"class":"centered1"},"Style":{"padding-bottom":"","padding-top":"","background-size":"cover","background-position-y":"0%","border-bottom-width":"0em"},"ElementsTop":[{"Guid":"MAINMENULOGO","View":"logo-view","Content":{"Text":"Niharika","Src":"","Link":"/","Width":"","Height":"","ImageHeight":"50px"},"Settings":{"animation":"fade-in"},"Style":{"text-transform":"none","letter-spacing":"0.02em","text-align":"center","font-size":"2.71em","font-weight":"bold","font-family":"","color":"rgba(171,169,169,1)","font-style":"normal","text-decoration":"none"}}],"ElementsBottom":[{"Guid":"MAINMENULINKS","View":"mainmenulinks-view","Settings":{"animation":"fade-in"},"Style":{"margin-top":"1em","font-size":"1.3em","letter-spacing":"0.04em","font-weight":"lighter","font-family":"","text-transform":"none","line-height":"0.8em"}}],"ElementsFixed":[]},"HasFooter":1,"GlobalClasses":{"Page":{"font-family":"'Cormorant',serif","font-size":"89.25%","letter-spacing":"0.017em","background-color":"#ffffff","color":"rgba(130,127,127,1)"},"Header":{"font-size":"1.71em","letter-spacing":"0.072em","font-weight":"bold"},"Header2":{"font-size":"1.4em","letter-spacing":"0.04em","font-weight":"bold"},"Header3":{"font-size":"1.2em","font-weight":"bold","letter-spacing":"0.04em"},"LongText":{"line-height":"1.7em"},"Button":{"font-size":"1.1em","letter-spacing":"0.02em"},"CaptionTitle":{"font-size":"1.2em","font-weight":"bold","letter-spacing":"0.02em"},"CaptionSubTitle":{"font-size":"1em"},"CaptionText":{"line-height":"1.6em"},"CaptionButton":{"font-size":"1.1em","color":""},"BlogHeader":{"font-size":"1.9em","letter-spacing":"0.04em","font-weight":"bold"},"BlogText":{"line-height":"1.8em"},"ProductHeader":{"font-size":"1.9em","letter-spacing":"0.04em","font-weight":"bold"},"ProductSubHeader":{"font-size":"1.2em"},"ProductPrice":{"font-size":"1.1em"},"ProductText":{"line-height":"1.8em","font-size":"1.2em","margin-top":"1.5em"},"ProductButton":{"font-size":"1.1em","line-height":"1em"},"Form":[],"CvList":[],"CalendarList":[],"GeneralList":[],"Links":{"font-weight":"lighter","letter-spacing":"0.06em"},"SocialMedia":{"font-weight":"lighter","letter-spacing":"0.06em"},"Product":[],"StoreCartRow":{"line-height":"1.15em","letter-spacing":"0.08em","border-bottom-width":"0em","border-color":"rgba(255,255,255,1)","padding-top":"1.4em","padding-bottom":"0.6em"}},"MobileClasses":null,"ChildClasses":null,"MobileStyles":null,"GlobalLinks":null,"ChildLinks":null,"BlogSettings":null,"StoreSettings":null,"SeoDescription":"","SeoLangId":"en","SeoKeywords":"pastel paintings, animation, art","SiteIcon":"https://i.ibb.co/nMGL38Mm/Whats-App-Image-2025-10-26-at-21-42-43-924a8582.jpg","SeoTwitterUsername":null,"ShareImage":"https://i.ibb.co/nMGL38Mm/Whats-App-Image-2025-10-26-at-21-42-43-924a8582.jpg","DisableRightClick":1}